timeStamp,elapsed,label,responseCode,responseMessage,threadName,dataType,success,failureMessage,bytes,sentBytes,grpThreads,allThreads,URL,Latency,IdleTime,Connect
1758175321432,0,,Non HTTP response code: java.net.MalformedURLException,Non HTTP response message: Unrecognized IPv6 address format,Thread Group 1-1,text,false,,871,0,1,1,null,0,0,0
1758175321439,0,,Non HTTP response code: java.net.MalformedURLException,Non HTTP response message: Unrecognized IPv6 address format,Thread Group 1-1,text,false,,871,0,1,1,null,0,0,0
1758175321439,0,,Non HTTP response code: java.net.MalformedURLException,Non HTTP response message: Unrecognized IPv6 address format,Thread Group 1-1,text,false,,871,0,1,1,null,0,0,0
1758175321440,0,,Non HTTP response code: java.net.MalformedURLException,Non HTTP response message: Unrecognized IPv6 address format,Thread Group 1-1,text,false,,871,0,1,1,null,0,0,0
1758175321440,0,,Non HTTP response code: java.net.MalformedURLException,Non HTTP response message: Unrecognized IPv6 address format,Thread Group 1-1,text,false,,871,0,1,1,null,0,0,0
1758175321441,0,,Non HTTP response code: java.net.MalformedURLException,Non HTTP response message: Unrecognized IPv6 address format,Thread Group 1-1,text,false,,871,0,1,1,null,0,0,0
1758175321441,0,,Non HTTP response code: java.net.MalformedURLException,Non HTTP response message: Unrecognized IPv6 address format,Thread Group 1-1,text,false,,871,0,1,1,null,0,0,0
1758175321441,0,,Non HTTP response code: java.net.MalformedURLException,Non HTTP response message: Unrecognized IPv6 address format,Thread Group 1-1,text,false,,871,0,1,1,null,0,0,0
1758175321441,0,,Non HTTP response code: java.net.MalformedURLException,Non HTTP response message: Unrecognized IPv6 address format,Thread Group 1-1,text,false,,871,0,1,1,null,0,0,0
1758175321442,0,,Non HTTP response code: java.net.MalformedURLException,Non HTTP response message: Unrecognized IPv6 address format,Thread Group 1-1,text,false,,871,0,1,1,null,0,0,0
1758175321518,0,,Non HTTP response code: java.net.MalformedURLException,Non HTTP response message: Unrecognized IPv6 address format,Thread Group 1-2,text,false,,871,0,1,1,null,0,0,0
1758175321519,0,,Non HTTP response code: java.net.MalformedURLException,Non HTTP response message: Unrecognized IPv6 address format,Thread Group 1-2,text,false,,871,0,1,1,null,0,0,0
1758175321520,0,,Non HTTP response code: java.net.MalformedURLException,Non HTTP response message: Unrecognized IPv6 address format,Thread Group 1-2,text,false,,871,0,1,1,null,0,0,0
1758175321520,0,,Non HTTP response code: java.net.MalformedURLException,Non HTTP response message: Unrecognized IPv6 address format,Thread Group 1-2,text,false,,871,0,1,1,null,0,0,0
1758175321520,0,,Non HTTP response code: java.net.MalformedURLException,Non HTTP response message: Unrecognized IPv6 address format,Thread Group 1-2,text,false,,871,0,1,1,null,0,0,0
1758175321520,0,,Non HTTP response code: java.net.MalformedURLException,Non HTTP response message: Unrecognized IPv6 address format,Thread Group 1-2,text,false,,871,0,1,1,null,0,0,0
1758175321520,0,,Non HTTP response code: java.net.MalformedURLException,Non HTTP response message: Unrecognized IPv6 address format,Thread Group 1-2,text,false,,871,0,1,1,null,0,0,0
1758175321521,0,,Non HTTP response code: java.net.MalformedURLException,Non HTTP response message: Unrecognized IPv6 address format,Thread Group 1-2,text,false,,871,0,1,1,null,0,0,0
1758175321521,0,,Non HTTP response code: java.net.MalformedURLException,Non HTTP response message: Unrecognized IPv6 address format,Thread Group 1-2,text,false,,871,0,1,1,null,0,0,0
1758175321521,0,,Non HTTP response code: java.net.MalformedURLException,Non HTTP response message: Unrecognized IPv6 address format,Thread Group 1-2,text,false,,871,0,1,1,null,0,0,0
1758175321618,0,,Non HTTP response code: java.net.MalformedURLException,Non HTTP response message: Unrecognized IPv6 address format,Thread Group 1-3,text,false,,871,0,1,1,null,0,0,0
1758175321618,0,,Non HTTP response code: java.net.MalformedURLException,Non HTTP response message: Unrecognized IPv6 address format,Thread Group 1-3,text,false,,871,0,1,1,null,0,0,0
1758175321619,0,,Non HTTP response code: java.net.MalformedURLException,Non HTTP response message: Unrecognized IPv6 address format,Thread Group 1-3,text,false,,871,0,1,1,null,0,0,0
1758175321619,0,,Non HTTP response code: java.net.MalformedURLException,Non HTTP response message: Unrecognized IPv6 address format,Thread Group 1-3,text,false,,871,0,1,1,null,0,0,0
1758175321619,0,,Non HTTP response code: java.net.MalformedURLException,Non HTTP response message: Unrecognized IPv6 address format,Thread Group 1-3,text,false,,871,0,1,1,null,0,0,0
1758175321620,0,,Non HTTP response code: java.net.MalformedURLException,Non HTTP response message: Unrecognized IPv6 address format,Thread Group 1-3,text,false,,871,0,1,1,null,0,0,0
1758175321620,0,,Non HTTP response code: java.net.MalformedURLException,Non HTTP response message: Unrecognized IPv6 address format,Thread Group 1-3,text,false,,871,0,1,1,null,0,0,0
1758175321621,0,,Non HTTP response code: java.net.MalformedURLException,Non HTTP response message: Unrecognized IPv6 address format,Thread Group 1-3,text,false,,871,0,1,1,null,0,0,0
1758175321622,0,,Non HTTP response code: java.net.MalformedURLException,Non HTTP response message: Unrecognized IPv6 address format,Thread Group 1-3,text,false,,871,0,1,1,null,0,0,0
1758175321622,0,,Non HTTP response code: java.net.MalformedURLException,Non HTTP response message: Unrecognized IPv6 address format,Thread Group 1-3,text,false,,871,0,1,1,null,0,0,0
1758175321717,0,,Non HTTP response code: java.net.MalformedURLException,Non HTTP response message: Unrecognized IPv6 address format,Thread Group 1-4,text,false,,871,0,1,1,null,0,0,0
1758175321718,0,,Non HTTP response code: java.net.MalformedURLException,Non HTTP response message: Unrecognized IPv6 address format,Thread Group 1-4,text,false,,871,0,1,1,null,0,0,0
1758175321718,0,,Non HTTP response code: java.net.MalformedURLException,Non HTTP response message: Unrecognized IPv6 address format,Thread Group 1-4,text,false,,871,0,1,1,null,0,0,0
1758175321718,0,,Non HTTP response code: java.net.MalformedURLException,Non HTTP response message: Unrecognized IPv6 address format,Thread Group 1-4,text,false,,871,0,1,1,null,0,0,0
1758175321719,0,,Non HTTP response code: java.net.MalformedURLException,Non HTTP response message: Unrecognized IPv6 address format,Thread Group 1-4,text,false,,871,0,1,1,null,0,0,0
1758175321719,0,,Non HTTP response code: java.net.MalformedURLException,Non HTTP response message: Unrecognized IPv6 address format,Thread Group 1-4,text,false,,871,0,1,1,null,0,0,0
1758175321719,0,,Non HTTP response code: java.net.MalformedURLException,Non HTTP response message: Unrecognized IPv6 address format,Thread Group 1-4,text,false,,871,0,1,1,null,0,0,0
1758175321720,0,,Non HTTP response code: java.net.MalformedURLException,Non HTTP response message: Unrecognized IPv6 address format,Thread Group 1-4,text,false,,871,0,1,1,null,0,0,0
1758175321720,0,,Non HTTP response code: java.net.MalformedURLException,Non HTTP response message: Unrecognized IPv6 address format,Thread Group 1-4,text,false,,871,0,1,1,null,0,0,0
1758175321721,0,,Non HTTP response code: java.net.MalformedURLException,Non HTTP response message: Unrecognized IPv6 address format,Thread Group 1-4,text,false,,871,0,1,1,null,0,0,0
1758175321816,0,,Non HTTP response code: java.net.MalformedURLException,Non HTTP response message: Unrecognized IPv6 address format,Thread Group 1-5,text,false,,871,0,1,1,null,0,0,0
1758175321817,0,,Non HTTP response code: java.net.MalformedURLException,Non HTTP response message: Unrecognized IPv6 address format,Thread Group 1-5,text,false,,871,0,1,1,null,0,0,0
1758175321817,0,,Non HTTP response code: java.net.MalformedURLException,Non HTTP response message: Unrecognized IPv6 address format,Thread Group 1-5,text,false,,871,0,1,1,null,0,0,0
1758175321818,0,,Non HTTP response code: java.net.MalformedURLException,Non HTTP response message: Unrecognized IPv6 address format,Thread Group 1-5,text,false,,871,0,1,1,null,0,0,0
1758175321819,0,,Non HTTP response code: java.net.MalformedURLException,Non HTTP response message: Unrecognized IPv6 address format,Thread Group 1-5,text,false,,871,0,1,1,null,0,0,0
1758175321819,0,,Non HTTP response code: java.net.MalformedURLException,Non HTTP response message: Unrecognized IPv6 address format,Thread Group 1-5,text,false,,871,0,1,1,null,0,0,0
1758175321820,0,,Non HTTP response code: java.net.MalformedURLException,Non HTTP response message: Unrecognized IPv6 address format,Thread Group 1-5,text,false,,871,0,1,1,null,0,0,0
1758175321820,0,,Non HTTP response code: java.net.MalformedURLException,Non HTTP response message: Unrecognized IPv6 address format,Thread Group 1-5,text,false,,871,0,1,1,null,0,0,0
1758175321821,0,,Non HTTP response code: java.net.MalformedURLException,Non HTTP response message: Unrecognized IPv6 address format,Thread Group 1-5,text,false,,871,0,1,1,null,0,0,0
1758175321821,0,,Non HTTP response code: java.net.MalformedURLException,Non HTTP response message: Unrecognized IPv6 address format,Thread Group 1-5,text,false,,871,0,1,1,null,0,0,0
1758175321917,0,,Non HTTP response code: java.net.MalformedURLException,Non HTTP response message: Unrecognized IPv6 address format,Thread Group 1-6,text,false,,871,0,1,1,null,0,0,0
1758175321918,0,,Non HTTP response code: java.net.MalformedURLException,Non HTTP response message: Unrecognized IPv6 address format,Thread Group 1-6,text,false,,871,0,1,1,null,0,0,0
1758175321918,0,,Non HTTP response code: java.net.MalformedURLException,Non HTTP response message: Unrecognized IPv6 address format,Thread Group 1-6,text,false,,871,0,1,1,null,0,0,0
1758175321918,0,,Non HTTP response code: java.net.MalformedURLException,Non HTTP response message: Unrecognized IPv6 address format,Thread Group 1-6,text,false,,871,0,1,1,null,0,0,0
1758175321918,0,,Non HTTP response code: java.net.MalformedURLException,Non HTTP response message: Unrecognized IPv6 address format,Thread Group 1-6,text,false,,871,0,1,1,null,0,0,0
1758175321918,0,,Non HTTP response code: java.net.MalformedURLException,Non HTTP response message: Unrecognized IPv6 address format,Thread Group 1-6,text,false,,871,0,1,1,null,0,0,0
1758175321919,0,,Non HTTP response code: java.net.MalformedURLException,Non HTTP response message: Unrecognized IPv6 address format,Thread Group 1-6,text,false,,871,0,1,1,null,0,0,0
1758175321919,0,,Non HTTP response code: java.net.MalformedURLException,Non HTTP response message: Unrecognized IPv6 address format,Thread Group 1-6,text,false,,871,0,1,1,null,0,0,0
1758175321919,0,,Non HTTP response code: java.net.MalformedURLException,Non HTTP response message: Unrecognized IPv6 address format,Thread Group 1-6,text,false,,871,0,1,1,null,0,0,0
1758175321920,0,,Non HTTP response code: java.net.MalformedURLException,Non HTTP response message: Unrecognized IPv6 address format,Thread Group 1-6,text,false,,871,0,1,1,null,0,0,0
1758175322014,0,,Non HTTP response code: java.net.MalformedURLException,Non HTTP response message: Unrecognized IPv6 address format,Thread Group 1-7,text,false,,871,0,1,1,null,0,0,0
1758175322015,0,,Non HTTP response code: java.net.MalformedURLException,Non HTTP response message: Unrecognized IPv6 address format,Thread Group 1-7,text,false,,871,0,1,1,null,0,0,0
1758175322015,0,,Non HTTP response code: java.net.MalformedURLException,Non HTTP response message: Unrecognized IPv6 address format,Thread Group 1-7,text,false,,871,0,1,1,null,0,0,0
1758175322015,0,,Non HTTP response code: java.net.MalformedURLException,Non HTTP response message: Unrecognized IPv6 address format,Thread Group 1-7,text,false,,871,0,1,1,null,0,0,0
1758175322015,0,,Non HTTP response code: java.net.MalformedURLException,Non HTTP response message: Unrecognized IPv6 address format,Thread Group 1-7,text,false,,871,0,1,1,null,0,0,0
1758175322016,0,,Non HTTP response code: java.net.MalformedURLException,Non HTTP response message: Unrecognized IPv6 address format,Thread Group 1-7,text,false,,871,0,1,1,null,0,0,0
1758175322016,0,,Non HTTP response code: java.net.MalformedURLException,Non HTTP response message: Unrecognized IPv6 address format,Thread Group 1-7,text,false,,871,0,1,1,null,0,0,0
1758175322016,0,,Non HTTP response code: java.net.MalformedURLException,Non HTTP response message: Unrecognized IPv6 address format,Thread Group 1-7,text,false,,871,0,1,1,null,0,0,0
1758175322016,0,,Non HTTP response code: java.net.MalformedURLException,Non HTTP response message: Unrecognized IPv6 address format,Thread Group 1-7,text,false,,871,0,1,1,null,0,0,0
1758175322016,0,,Non HTTP response code: java.net.MalformedURLException,Non HTTP response message: Unrecognized IPv6 address format,Thread Group 1-7,text,false,,871,0,1,1,null,0,0,0
1758175322114,0,,Non HTTP response code: java.net.MalformedURLException,Non HTTP response message: Unrecognized IPv6 address format,Thread Group 1-8,text,false,,871,0,1,1,null,0,0,0
1758175322114,0,,Non HTTP response code: java.net.MalformedURLException,Non HTTP response message: Unrecognized IPv6 address format,Thread Group 1-8,text,false,,871,0,1,1,null,0,0,0
1758175322115,0,,Non HTTP response code: java.net.MalformedURLException,Non HTTP response message: Unrecognized IPv6 address format,Thread Group 1-8,text,false,,871,0,1,1,null,0,0,0
1758175322115,0,,Non HTTP response code: java.net.MalformedURLException,Non HTTP response message: Unrecognized IPv6 address format,Thread Group 1-8,text,false,,871,0,1,1,null,0,0,0
1758175322115,0,,Non HTTP response code: java.net.MalformedURLException,Non HTTP response message: Unrecognized IPv6 address format,Thread Group 1-8,text,false,,871,0,1,1,null,0,0,0
1758175322116,0,,Non HTTP response code: java.net.MalformedURLException,Non HTTP response message: Unrecognized IPv6 address format,Thread Group 1-8,text,false,,871,0,1,1,null,0,0,0
1758175322116,0,,Non HTTP response code: java.net.MalformedURLException,Non HTTP response message: Unrecognized IPv6 address format,Thread Group 1-8,text,false,,871,0,1,1,null,0,0,0
1758175322116,0,,Non HTTP response code: java.net.MalformedURLException,Non HTTP response message: Unrecognized IPv6 address format,Thread Group 1-8,text,false,,871,0,1,1,null,0,0,0
1758175322116,0,,Non HTTP response code: java.net.MalformedURLException,Non HTTP response message: Unrecognized IPv6 address format,Thread Group 1-8,text,false,,871,0,1,1,null,0,0,0
1758175322117,0,,Non HTTP response code: java.net.MalformedURLException,Non HTTP response message: Unrecognized IPv6 address format,Thread Group 1-8,text,false,,871,0,1,1,null,0,0,0
1758175322214,0,,Non HTTP response code: java.net.MalformedURLException,Non HTTP response message: Unrecognized IPv6 address format,Thread Group 1-9,text,false,,871,0,1,1,null,0,0,0
1758175322214,0,,Non HTTP response code: java.net.MalformedURLException,Non HTTP response message: Unrecognized IPv6 address format,Thread Group 1-9,text,false,,871,0,1,1,null,0,0,0
1758175322215,0,,Non HTTP response code: java.net.MalformedURLException,Non HTTP response message: Unrecognized IPv6 address format,Thread Group 1-9,text,false,,871,0,1,1,null,0,0,0
1758175322215,0,,Non HTTP response code: java.net.MalformedURLException,Non HTTP response message: Unrecognized IPv6 address format,Thread Group 1-9,text,false,,871,0,1,1,null,0,0,0
1758175322215,0,,Non HTTP response code: java.net.MalformedURLException,Non HTTP response message: Unrecognized IPv6 address format,Thread Group 1-9,text,false,,871,0,1,1,null,0,0,0
1758175322216,0,,Non HTTP response code: java.net.MalformedURLException,Non HTTP response message: Unrecognized IPv6 address format,Thread Group 1-9,text,false,,871,0,1,1,null,0,0,0
1758175322216,0,,Non HTTP response code: java.net.MalformedURLException,Non HTTP response message: Unrecognized IPv6 address format,Thread Group 1-9,text,false,,871,0,1,1,null,0,0,0
1758175322217,0,,Non HTTP response code: java.net.MalformedURLException,Non HTTP response message: Unrecognized IPv6 address format,Thread Group 1-9,text,false,,871,0,1,1,null,0,0,0
1758175322217,0,,Non HTTP response code: java.net.MalformedURLException,Non HTTP response message: Unrecognized IPv6 address format,Thread Group 1-9,text,false,,871,0,1,1,null,0,0,0
1758175322217,0,,Non HTTP response code: java.net.MalformedURLException,Non HTTP response message: Unrecognized IPv6 address format,Thread Group 1-9,text,false,,871,0,1,1,null,0,0,0
1758175322312,0,,Non HTTP response code: java.net.MalformedURLException,Non HTTP response message: Unrecognized IPv6 address format,Thread Group 1-10,text,false,,871,0,1,1,null,0,0,0
1758175322312,0,,Non HTTP response code: java.net.MalformedURLException,Non HTTP response message: Unrecognized IPv6 address format,Thread Group 1-10,text,false,,871,0,1,1,null,0,0,0
1758175322313,0,,Non HTTP response code: java.net.MalformedURLException,Non HTTP response message: Unrecognized IPv6 address format,Thread Group 1-10,text,false,,871,0,1,1,null,0,0,0
1758175322313,0,,Non HTTP response code: java.net.MalformedURLException,Non HTTP response message: Unrecognized IPv6 address format,Thread Group 1-10,text,false,,871,0,1,1,null,0,0,0
1758175322313,0,,Non HTTP response code: java.net.MalformedURLException,Non HTTP response message: Unrecognized IPv6 address format,Thread Group 1-10,text,false,,871,0,1,1,null,0,0,0
1758175322313,0,,Non HTTP response code: java.net.MalformedURLException,Non HTTP response message: Unrecognized IPv6 address format,Thread Group 1-10,text,false,,871,0,1,1,null,0,0,0
1758175322313,0,,Non HTTP response code: java.net.MalformedURLException,Non HTTP response message: Unrecognized IPv6 address format,Thread Group 1-10,text,false,,871,0,1,1,null,0,0,0
1758175322314,0,,Non HTTP response code: java.net.MalformedURLException,Non HTTP response message: Unrecognized IPv6 address format,Thread Group 1-10,text,false,,871,0,1,1,null,0,0,0
1758175322314,0,,Non HTTP response code: java.net.MalformedURLException,Non HTTP response message: Unrecognized IPv6 address format,Thread Group 1-10,text,false,,871,0,1,1,null,0,0,0
1758175322314,0,,Non HTTP response code: java.net.MalformedURLException,Non HTTP response message: Unrecognized IPv6 address format,Thread Group 1-10,text,false,,871,0,1,1,null,0,0,0
